ชื่อเอกสาร,ปีการศึกษา,เทอม,โครงการ,ประเภทไฟล์,ขนาด,วันที่,ลิงก์
เอกสารโครงการละศีลอดสัมพันธ์ 2569,2569,2,โครงการละศีลอดสัมพันธ์,PDF,2.4 MB,2 เม.ย. 2569,
สรุปงบประมาณโครงการละศีลอด,2569,2,โครงการละศีลอดสัมพันธ์,XLSX,120 KB,30 เม.ย. 2569,
กำหนดการกิจกรรมละศีลอด,2569,2,โครงการละศีลอดสัมพันธ์,DOCX,88 KB,28 มี.ค. 2569,
เอกสารโครงการกีฬาสีสัมพันธ์,2569,2,โครงการกีฬาสีสัมพันธ์,PDF,1.8 MB,15 พ.ค. 2569,
สรุปผลโครงการกีฬาสี (นำเสนอ),2569,2,โครงการกีฬาสีสัมพันธ์,PPTX,5.2 MB,1 มิ.ย. 2569,
เอกสารโครงการรับน้องใหม่,2569,1,โครงการรับน้องใหม่,PDF,1.1 MB,10 ก.ค. 2569,
ใบสมัครสมาชิกชมรม (แบบฟอร์ม),2569,1,โครงการรับน้องใหม่,DOCX,64 KB,5 ก.ค. 2569,
เอกสารโครงการเมาลิดสัมพันธ์,2568,2,โครงการเมาลิดสัมพันธ์,PDF,2.0 MB,12 ม.ค. 2569,
รายงานสรุปโครงการเมาลิด,2568,2,โครงการเมาลิดสัมพันธ์,PDF,1.5 MB,20 ม.ค. 2569,
